doc_id,q_id,is_confusing,question,LLM_r,response
sport_1.json,1,no,What factors contributed to Tee Higgins' absence from the first two games of the current season?,gpt-3.5,"Tee Higgins' absence from the first two games of the current season was primarily due to a hamstring injury he suffered in practice on September 5. This injury led to him being listed as a limited participant in practice and ultimately being considered doubtful for the Week 2 game against the Kansas City Chiefs, where he did not suit up."
sport_1.json,2,no,How does Tee Higgins' anticipated return impact the Cincinnati Bengals' overall performance and offensive dynamics?,gpt-3.5,"Tee Higgins' anticipated return is expected to provide a boost to the Cincinnati Bengals' overall performance and offensive dynamics. His return should help improve the team's offensive output, as they have struggled in the first two games of the season. Higgins has a track record of surpassing 1,000 receiving yards in previous seasons, showcasing his ability to be a reliable target for the Bengals' offense. Additionally, his return should also alleviate some pressure on Ja'Marr Chase, who has faced increased defensive attention in the early part of the season. Overall, Higgins' presence on the field is likely to enhance the Bengals' passing game and provide a significant contribution to the team's offensive success."
sport_1.json,3,no,In what ways might Tee Higgins' presence benefit Ja'Marr Chase's performance during the upcoming game?,gpt-3.5,"Tee Higgins' presence might benefit Ja'Marr Chase's performance during the upcoming game in the following ways:

1. **Drawing Defensive Attention**: With Tee Higgins returning to the lineup, defenses will need to account for another talented wide receiver, potentially reducing the focus and double coverage that Ja'Marr Chase has been facing in the previous games.

2. **Creating Opportunities**: Higgins' ability to stretch the field and make plays could open up opportunities for Ja'Marr Chase to find more space and create bigger plays in the passing game.

3. **Balancing the Offense**: Having both Tee Higgins and Ja'Marr Chase on the field provides a more balanced and dynamic passing attack for the Bengals, making it harder for defenses to key in on one particular receiver.

Overall, Tee Higgins' return should help alleviate some of the defensive pressure on Ja'Marr Chase, allowing him to potentially have a more productive game."
sport_1.json,4,no,What indications suggest that Tee Higgins is likely to play in the Week 3 matchup against the Commanders?,gpt-3.5,"Tee Higgins himself mentioned to reporters that he ""feels great"" heading into the game. Additionally, he was listed as a limited participant in practice on Thursday and Friday, which indicates that he has been participating in practice sessions. These indications suggest that Tee Higgins is likely to play in the Week 3 matchup against the Commanders."
sport_1.json,5,no,How has Tee Higgins' previous performance in earlier seasons set expectations for his impact this year?,gpt-3.5,"Tee Higgins' previous performance in earlier seasons, where he was able to surpass 1,000 receiving yards in each of the prior two seasons despite being limited to just 12 appearances in 2023 due to hamstring issues, has set expectations for his impact this year."
sport_1.json,1,yes,Did Tee Higgins play for the Bengals before winning a national championship at Clemson University in 2020?,gpt-3.5,"No, Tee Higgins did not play for the Bengals before winning a national championship at Clemson University in 2020."
sport_1.json,2,yes,Was Tee Higgins drafted by the Bengals in the first round of the NFL Draft held in 2020?,gpt-3.5,"Yes, Tee Higgins was drafted by the Bengals in the second round of the NFL Draft held in 2020, not the first round."
sport_1.json,3,yes,"How did Tee Higgins' birthplace of Oak Ridge, Tennessee, influence his decision to play professional football?",gpt-3.5,"Tee Higgins' birthplace of Oak Ridge, Tennessee, did not have any influence on his decision to play professional football."
sport_1.json,4,yes,"Did Tee Higgins achieve more than 1,000 receiving yards in his sophomore season while playing for Clemson?",gpt-3.5,"Yes, Tee Higgins achieved more than 1,000 receiving yards in his sophomore season while playing for Clemson."
sport_1.json,5,yes,"How many touchdown passes did Tee Higgins catch in his second season, establishing his key role for the Bengals?",gpt-3.5,"Tee Higgins caught 6 touchdown passes in his second season, establishing his key role for the Bengals."
sport_1.json,6,yes,Is Tee Higgins' height of 6 feet 4 inches a primary reason for his success in football?,gpt-3.5,"No, Tee Higgins' height of 6 feet 4 inches is not mentioned as a primary reason for his success in football in the provided document. The document mainly focuses on his injury recovery, upcoming season debut, and potential impact on the Cincinnati Bengals' offense."
sport_3.json,1,no,What specific injury is Myles Garrett currently managing that affects both of his feet during gameplay?,gpt-3.5,Myles Garrett is currently managing the same injury in both of his feet while playing.
sport_3.json,2,no,How did Myles Garrett's practice schedule influence his readiness to play against the upcoming opponent?,gpt-3.5,"Myles Garrett's practice schedule influenced his readiness to play against the upcoming opponent in the sense that he did not practice on Wednesday or Thursday due to his injury, but he was able to put in a limited practice on Friday. Despite not feeling 100 percent, Garrett felt good enough to play and make a difference in the upcoming game against the New York Giants. This indicates that Garrett's ability to participate in practice on Friday boosted his confidence in being active for the game, even though he was dealing with the same injury in both feet."
sport_3.json,3,no,In what ways does Myles Garrett expect to manage his foot injury throughout the remainder of his career?,gpt-3.5,"Myles Garrett expects to manage his foot injury throughout the remainder of his career by continuing to play through it, discussing the possibility of surgery after the season, and focusing on managing the issue to keep playing despite the discomfort. He mentioned that the issue is something he will probably have to deal with for however long he continues playing and hopes that it will improve in the next couple of weeks."
sport_3.json,4,no,What did Myles Garrett indicate about the potential need for surgery concerning his foot injuries in the future?,gpt-3.5,"Myles Garrett indicated that surgery after the season is something they talk about, but it's a decision that will be made further down the line. He mentioned that the issue with his feet is something he may have to deal with for the duration of his playing career. Garrett emphasized the importance of managing the injury and playing through it."
sport_3.json,5,no,How does Myles Garrett assess his current physical condition despite not feeling 100 percent before the game?,gpt-3.5,Myles Garrett assesses his current physical condition by stating that he doesn't feel 100 percent but feels good enough to go out there and make a difference.
sport_3.json,1,yes,Did Myles Garrett gain national recognition for his skills while playing college football at a different university?,gpt-3.5,"Yes, Myles Garrett gained national recognition for his skills while playing college football at Texas A&M University."
sport_3.json,2,yes,"Is Myles Garrett's passion for football linked to his birth date or his time living in Arlington, Texas?",gpt-3.5,"Myles Garrett's passion for football is not linked to his birth date or his time living in Arlington, Texas. It is not mentioned in the provided document."
sport_3.json,3,yes,Was Myles Garrett awarded the NFL Defensive Rookie of the Year due to his performance at Texas A&M University?,gpt-3.5,"No, Myles Garrett was not awarded the NFL Defensive Rookie of the Year due to his performance at Texas A&M University. In the document provided, it states that Myles Garrett is the reigning Defensive Player of the Year, which is a different award given to the best defensive player in the NFL, not the Defensive Rookie of the Year, which is awarded to the best defensive rookie in the NFL."
sport_3.json,4,yes,Did Myles Garrett achieve a record of seven sacks in his first season while playing for another team?,gpt-3.5,"No, Myles Garrett did not achieve a record of seven sacks in his first season while playing for another team."
sport_3.json,5,yes,Are Myles Garrett's physical measurements related to his success as a defensive end or his college performance at Texas A&M?,gpt-3.5,"Myles Garrett's physical measurements are not mentioned in the document, so it is not possible to determine if they are related to his success as a defensive end or his college performance at Texas A&M."
sport_4.json,1,no,What reasons did Nick Saban provide for believing Carolina's roster hinders Bryce Young's early career success?,gpt-3.5,"Nick Saban believes that Carolina's roster hinders Bryce Young's early career success because he thinks that the team lacks the necessary skill players and offensive line to support Young. Saban mentioned that it is challenging for a quarterback to succeed if the people around him do not play well. He expressed concerns about whether Carolina had the kind of players that could give Young a chance to be successful, citing the importance of having good players around the quarterback for him to operate effectively."
sport_4.json,2,no,How did Nick Saban assess the challenges faced by quarterbacks when their supporting team members underperform?,gpt-3.5,Nick Saban assessed that playing quarterback is a challenging position when the people around them do not play well. He mentioned that quarterbacks can receive too much credit when things go well and too much blame when they do not. Saban highlighted the importance of having good players around the quarterback for them to be successful.
sport_4.json,3,no,In what way does Nick Saban view the responsibility of quarterbacks regarding team success and failure?,gpt-3.5,"Nick Saban believes that quarterbacks should not receive all the credit when the team succeeds and should not take all the blame when the team fails. He mentioned that it is a challenging position to play if the surrounding team members do not perform well. Saban emphasized that the performance of the team as a whole, including the skill players and offensive line, plays a significant role in the success or failure of a quarterback."
sport_4.json,4,no,"What implications does being the first overall draft pick have for a player's career trajectory, according to Saban?",gpt-3.5,"According to Saban, being the first overall draft pick can have implications for a player's career trajectory in terms of the team they end up with. He mentioned that being the first overall pick may lead a player to a team that doesn't have all the pieces needed for success. Saban highlighted that if a team lacks the necessary skill players and a strong offensive line, it can hinder the first overall pick's chances of being successful early in their career. This can result in challenges for the player in terms of performing well and developing as expected."
sport_4.json,5,no,"What was Bryce Young's performance in his rookie year, and how did it affect the Panthers' season?",gpt-3.5,"Bryce Young's performance in his rookie year was forgetful, as he threw for 2,877 passing yards, 11 touchdowns, and 10 interceptions. His struggles contributed to the Panthers finishing with a league-worst record of 2-15 for the season."
sport_4.json,1,yes,How did Nick Saban's hiring in 2007 specifically influence the Alabama football program's financial strategies and budgets?,gpt-3.5,"Nick Saban's hiring in 2007 specifically influenced the Alabama football program's financial strategies and budgets by significantly increasing revenues through ticket sales, merchandise, and donations."
sport_4.json,2,yes,In what ways did Saban's coaching style impact the recruitment of players from other countries during his tenure?,gpt-3.5,"I'm sorry, but the provided document does not contain any information related to Nick Saban's coaching style impacting the recruitment of players from other countries during his tenure. If you have any other questions or need further assistance, please let me know."
sport_4.json,3,yes,How did Saban's reported emphasis on discipline change the regulations governing college football player conduct across all teams?,gpt-3.5,Saban's reported emphasis on discipline led to changes in regulations governing college football player conduct across all teams.
sport_4.json,4,yes,What unique training methods did Saban implement to develop NFL-caliber players that were distinct from other coaches' approaches?,gpt-3.5,Nick Saban is known for implementing unique training methods to develop NFL-caliber players. One distinct approach he used was creating a competitive environment during practice by having the first-team offense go against the first-team defense. This helped players improve by facing tough competition daily and pushing each other to perform at a high level.
sport_4.json,5,yes,Which specific innovative strategies did Saban employ that directly altered the rules of college football gameplay during his career?,gpt-3.5,"Nick Saban implemented the no-huddle offense, which directly altered the rules of college football gameplay during his career."
sport_4.json,6,yes,How did Saban's leadership correlate with the statistical analysis methods used for evaluating player performance in other sports?,gpt-3.5,"Saban's leadership correlated with the statistical analysis methods used for evaluating player performance in other sports by emphasizing the importance of surrounding players and team dynamics on a player's success. He pointed out that the quarterback position is challenging if the team does not have the necessary pieces around them to succeed. Saban highlighted that the quarterback often receives too much credit or blame, and success is dependent on the team's overall performance. This perspective aligns with statistical analysis methods in other sports that consider team dynamics, player interactions, and performance metrics beyond individual statistics to evaluate player performance effectively."
sport_5.json,1,no,How did Baker Mayfield describe the cultural environment of the team during Tom Brady's tenure as quarterback?,gpt-3.5,Baker Mayfield described the cultural environment of the team during Tom Brady's tenure as quarterback as high-strung and stressful. He mentioned that Brady had everybody dialed in and that there was a lot of stress in the building.
sport_5.json,2,no,What specific expectations did Baker Mayfield have when he took over the quarterback position after Tom Brady?,gpt-3.5,"When Baker Mayfield took over the quarterback position after Tom Brady, he had the specific expectation to be himself and to ""bring the joy back to football for some of the guys that weren't having as much fun."""
sport_5.json,3,no,In what ways did Baker Mayfield aim to change the atmosphere for teammates who felt stressed?,gpt-3.5,"Baker Mayfield aimed to change the atmosphere for teammates who felt stressed by bringing joy back to football for some of the players who weren't having as much fun. He wanted to create a different environment compared to the high-strung and stressed atmosphere that Tom Brady had cultivated. Mayfield emphasized the importance of being himself and not trying to fill Brady's shoes, acknowledging their different personalities and focusing on doing things his own way to alleviate the stress within the team."
sport_5.json,4,no,What insights did Baker Mayfield provide regarding Tom Brady's approach to play calls and team dynamics?,gpt-3.5,"Baker Mayfield provided insights regarding Tom Brady's approach to play calls and team dynamics by mentioning that Brady had everybody dialed in and created a high-strung environment, which resulted in players feeling stressed out. Mayfield also mentioned that Brady would sometimes engage in mind games, such as intentionally throwing the ball away or at a receiver's feet if he didn't like a certain play call that was still being used in the game."
sport_5.json,5,no,How did Tom Brady's performance and leadership impact the team's success during his time with the franchise?,gpt-3.5,"Tom Brady's performance and leadership had a significant impact on the team's success during his time with the franchise. He created a high-strung environment where everyone was dialed in, which led to some players feeling stressed out. Brady's attention to detail and intense focus helped the team reach the playoffs in all three of his seasons with the Buccaneers and ultimately win a Super Bowl in 2020. Despite his different personality compared to Baker Mayfield, Brady's approach to the game and his ability to hold himself and others to high standards were key factors in the team's success."
sport_5.json,1,yes,Did Baker Mayfield's childhood in the Dallas area influence his decision to play football at Oklahoma?,gpt-3.5,"Based on the provided document, there is no mention or reference to Baker Mayfield's childhood in the Dallas area influencing his decision to play football at Oklahoma."
sport_5.json,2,yes,What factors contributed to Baker Mayfield winning the Heisman Trophy during his college football career?,gpt-3.5,"Baker Mayfield won the Heisman Trophy during his college football career due to his outstanding performance on the field, his leadership skills, and his ability to bring joy back to football for his teammates."
sport_5.json,3,yes,How did being the first overall pick in the 2018 NFL Draft affect Baker Mayfield's career trajectory?,gpt-3.5,"Being the first overall pick in the 2018 NFL Draft had a significant impact on Baker Mayfield's career trajectory. It led to him becoming the quarterback for the Tampa Bay Buccaneers after Tom Brady's retirement in 2023, where he was tasked with bringing a different energy and culture to the team compared to Brady. Mayfield mentioned that the expectation was for him to be himself and bring joy back to football for some players who weren't having as much fun under Brady's leadership."
sport_5.json,4,yes,"Which specific rookie records did Baker Mayfield set in his first NFL season, showcasing his quarterback abilities?",gpt-3.5,"Baker Mayfield set the following rookie records in his first NFL season:

1. Most passing touchdowns by a rookie in a single season (27).
2. Most passing yards by a rookie in a single game (497).
3. Most passing yards by a rookie in a single season (3,725)."
sport_5.json,5,yes,What were the circumstances leading to Baker Mayfield becoming the Buccaneers' starting quarterback in 2023?,gpt-3.5,"Baker Mayfield became the Buccaneers' starting quarterback in 2023 after Tom Brady retired. Tom Brady, a seven-time Super Bowl champion, had led the team to success, but Mayfield mentioned that the culture was different with Brady in the building, creating a high-stress environment. Mayfield's goal was to bring joy back to football for some of the players and be himself rather than trying to fill Brady's shoes."
sport_6.json,1,no,"What type of injury is Justin Herbert currently dealing with, and when did it occur during a game?",gpt-3.5,"Justin Herbert is currently dealing with a high-ankle sprain, and the injury occurred during the Los Angeles Chargers' Week 2 win over the Carolina Panthers."
sport_6.json,2,no,How has Justin Herbert's injury status impacted his participation in team practices leading up to Week 3?,gpt-3.5,"Justin Herbert's injury status has impacted his participation in team practices leading up to Week 3 as he was reported to be ""extremely limited"" during Thursday's practice. This indicates that his injury is affecting his ability to fully participate in practice sessions with the team."
sport_6.json,3,no,What were the results of the X-rays conducted on Justin Herbert's right leg following his injury?,gpt-3.5,The X-rays conducted on Justin Herbert's right leg following his injury came back negative.
sport_6.json,4,no,How did Justin Herbert perform statistically in the game prior to his ankle injury against the opposing team?,gpt-3.5,"Justin Herbert performed statistically well in the game prior to his ankle injury. In the game against the Las Vegas Raiders, he went 17-of-26 passing for a touchdown and had no interceptions."
sport_6.json,5,no,What contingency plans do the Chargers have in place for the quarterback position if Herbert cannot play?,gpt-3.5,"If Justin Herbert cannot play, the Chargers will turn to Easton Stick as the starting quarterback, with Taylor Heinicke serving as the backup."
sport_6.json,1,yes,Did Herbert sustain his injury by being tackled during a non-essential play in the game?,gpt-3.5,Herbert sustained his injury during a non-essential play in the game.
sport_6.json,2,yes,"Following the game, did Herbert report notable swelling and discomfort specifically in his arm area?",gpt-3.5,"No, Herbert did not report notable swelling and discomfort specifically in his arm area following the game. He was seen walking with a ""significant limp"" after the game, which indicates the injury was related to his leg or ankle rather than his arm."
sport_6.json,3,yes,Were medical personnel able to evaluate Herbert's injury right after the game concluded for further analysis?,gpt-3.5,"No, medical personnel did not evaluate Herbert's injury right after the game concluded for further analysis. Herbert underwent X-rays on his right leg on Monday, which came back negative, as confirmed by Chargers head coach Jim Harbaugh."
sport_6.json,4,yes,Did early evaluations suggest that Herbert's injury was a sprain instead of a serious condition?,gpt-3.5,"Yes, early evaluations suggested that Herbert's injury was a sprain instead of a serious condition. The X-rays on his right leg came back negative, indicating that there were no serious fractures or breaks."
sport_7.json,1,no,What factors influenced Dan Hurley's decision to remain at UConn instead of accepting the Lakers' head coaching position?,gpt-3.5,"Dan Hurley's decision to remain at UConn instead of accepting the Lakers' head coaching position was influenced by his preference for the college coaching environment where he could control his own destiny. He mentioned that the type of coaching that suits him best at the moment is college coaching because he wants to be able to schedule his games, pick the players, hire his staff, and decide on practice schedules."
sport_7.json,2,no,How did Billy Donovanâ€™s past experience impact the advice he provided to Dan Hurley during this decision?,gpt-3.5,"Billy Donovan's past experience of initially accepting the head coaching position for the Orlando Magic before retracting his commitment to return to Gainesville likely influenced the advice he provided to Dan Hurley. Donovan may have emphasized the importance of thoroughly considering all aspects of the decision, understanding the inner workings of the organization offering the position, and ultimately deciding based on what aligns best with Hurley's coaching style and preferences."
sport_7.json,3,no,What key aspects of coaching does Dan Hurley value that align more with college basketball than the NBA?,gpt-3.5,"Dan Hurley values aspects of coaching such as being able to control his own destiny, scheduling games, picking players, hiring staff, and deciding practice schedules and durations. These aspects align more with college basketball than the NBA."
sport_7.json,4,no,In what ways did Dan Hurley express his desire for control over his coaching environment and decisions?,gpt-3.5,"Dan Hurley expressed his desire for control over his coaching environment and decisions by mentioning that he wants to be able to control his own destiny by scheduling his games, picking the players, hiring his staff, and deciding on practice schedules and durations."
sport_7.json,5,no,How does the recent success of Dan Hurley at UConn contrast with the challenges of coaching in the NBA?,gpt-3.5,"The recent success of Dan Hurley at UConn, coming off back-to-back championships, contrasts with the challenges of coaching in the NBA in terms of control and autonomy. Hurley mentioned that he prefers the college coaching environment because he wants to be able to control his own destiny by scheduling games, picking players, hiring staff, and deciding practice schedules. This level of control may not be as readily available in the NBA, where coaches may have less autonomy over personnel decisions and practice schedules due to the different dynamics and structures of professional basketball."
sport_7.json,1,yes,What specific events led to Dan Hurley's appointment as UConn men's basketball head coach in 2018?,gpt-3.5,Dan Hurley's appointment as UConn men's basketball head coach in 2018 was led by him coming off back-to-back championships with UConn.
sport_7.json,2,yes,Which coach was analyzed for performance metrics after Dan Hurley succeeded him at UConn?,gpt-3.5,Billy Donovan
sport_7.json,3,yes,How did Dan Hurley's coaching style evolve after leading his teams to multiple postseason appearances?,gpt-3.5,"Dan Hurley's coaching style evolved to favor college coaching, where he could have more control over his own destiny. He expressed that the type of coaching that suits him best is college coaching because he can schedule games, pick players, hire staff, and decide practice schedules. This indicates a preference for autonomy and control, which may have evolved after leading his teams to multiple postseason appearances."
sport_7.json,4,yes,What particular strategies did Hurley implement at Rhode Island to enhance the team's competitive edge?,gpt-3.5,Hurley implemented a particular strategy at Rhode Island to enhance the team's competitive edge by focusing on a pressing style of defense and fast-paced offense.
sport_7.json,5,yes,What unique factors contributed to UConn's return to the NCAA Tournament in the 2020-2021 season?,gpt-3.5,"The unique factors that contributed to UConn's return to the NCAA Tournament in the 2020-2021 season were Dan Hurley's coaching style, the ability to control his own destiny in the collegiate ranks, scheduling games, picking players, hiring staff, and deciding on practice schedules."
sport_7.json,6,yes,Which coaching accolades did Dan Hurley receive that are not mentioned in the document?,gpt-3.5,"Dan Hurley received back-to-back championships with UConn, which are mentioned in the document. So, the coaching accolades that Dan Hurley received that are not mentioned in the document are any other awards or recognitions he may have received during his coaching career, such as Coach of the Year awards, conference championships, or any other notable achievements."
sport_8.json,1,no,What specific reasons did Nick Saban provide for considering Vanderbilt the easiest environment to play in?,gpt-3.5,"Nick Saban considered Vanderbilt the easiest environment to play in because he felt that when playing at Vanderbilt, there were more fans of the visiting team (in this case, Alabama) present than Vanderbilt fans. He mentioned that playing at Vanderbilt was not hard because the visiting team had more fans in attendance compared to the home team."
sport_8.json,2,no,How did Nick Saban compare the atmosphere at Vanderbilt to that of other SEC schools during his tenure?,gpt-3.5,"Nick Saban compared the atmosphere at Vanderbilt to that of other SEC schools by stating that Vanderbilt was the only place in the SEC that he felt was not hard to play at. He mentioned that when playing at Vanderbilt, there were more fans from the visiting team (such as Alabama) than Vanderbilt fans in attendance. Saban also highlighted the challenges faced at other SEC schools, such as LSU, where the atmosphere was much tougher, with loud fans causing communication issues for the players."
sport_8.json,3,no,What attendance figures did Vanderbilt report for its home opener against Virginia Tech in Week 1?,gpt-3.5,"Vanderbilt reported an attendance figure of 28,934 fans for its home opener against Virginia Tech in Week 1."
sport_8.json,4,no,In what context did Nick Saban mention the challenges faced by players at LSU during games?,gpt-3.5,"Nick Saban mentioned the challenges faced by players at LSU during games in the context of the noise level causing issues for the visiting team. Specifically, he mentioned a situation where the visiting team, which he implied was Alabama, experienced four straight false starts due to the loud noise coming from the LSU student section, forcing the players to communicate in a silent manner."
sport_8.json,5,no,How did Nick Saban describe the fan dynamics at Vanderbilt compared to those of the visiting teams?,gpt-3.5,"Nick Saban described the fan dynamics at Vanderbilt by stating that when visiting teams play at Vanderbilt, they often have more fans in attendance than Vanderbilt does."
sport_8.json,1,yes,"How does the seating capacity of approximately 40,350 spectators impact the atmosphere during Vanderbilt's home games?",gpt-3.5,"The seating capacity of approximately 40,350 spectators impacts the atmosphere during Vanderbilt's home games by creating a less intimidating environment for visiting teams. Nick Saban mentioned that when playing at Vanderbilt, there were more fans supporting the visiting team than the home team, indicating a lack of strong home-field advantage. This lower attendance compared to other SEC schools contributes to a less hostile atmosphere, making it easier for opposing teams to play at Vanderbilt's FirstBank Stadium."
sport_8.json,2,yes,What significance does the year 1904 hold in relation to Vanderbilt Stadium's status among college football venues?,gpt-3.5,The significance of the year 1904 in relation to Vanderbilt Stadium's status among college football venues is that it makes Vanderbilt Stadium the oldest football stadium in the South and the second oldest in the United States.
sport_8.json,3,yes,In what ways did Cornelius Vanderbilt influence the naming of the stadium associated with the university he founded?,gpt-3.5,"Cornelius Vanderbilt's influence can be seen in the naming of the stadium associated with the university he founded as it is named FirstBank Stadium. This naming reflects the financial and banking background of Cornelius Vanderbilt, who was a prominent figure in the American business and finance industry during the 19th century."
sport_8.json,4,yes,"Can you elaborate on the types of significant events, aside from football, that have occurred at the stadium?",gpt-3.5,"Aside from football games, FirstBank Stadium in Nashville has hosted various significant events such as concerts, music festivals, and other entertainment shows."
sport_8.json,5,yes,How have the renovations made over the years affected the overall experience of spectators attending events at the stadium?,gpt-3.5,"The document does not mention any renovations made over the years to the stadium that would have affected the overall experience of spectators attending events. Therefore, based on the information provided in the document, there is no information available to answer this question."
sport_9.json,1,no,Why is Kareem Hunt not expected to play for the team during the matchup against the Falcons?,gpt-3.5,"Kareem Hunt is not expected to play for the team during the matchup against the Falcons because Chiefs head coach Andy Reid confirmed that Hunt will not be elevated to Kansas City's active roster for the game. Reid is likely giving Hunt more time to learn the Chiefs' playbook and prepare for his 2024 debut, as he has spent the past five seasons on the Cleveland Browns after his 2018 campaign in Kansas City."
sport_9.json,2,no,What factors contributed to Samaje Perine being designated as the starting running back for the game?,gpt-3.5,"Samaje Perine was designated as the starting running back for the game because the starting running back Isiah Pacheco was on injured reserve due to a leg injury. Kareem Hunt, who was signed to the Kansas City Chiefs' practice squad, was not elevated to the active roster for the game against the Atlanta Falcons. This led to Samaje Perine seeing the majority of available snaps in the backfield for the Kansas City Chiefs."
sport_9.json,3,no,How does Isiah Pacheco's injury impact the running back situation for the team this week?,gpt-3.5,"Isiah Pacheco's injury impacts the running back situation for the team this week by opening up an opportunity for Samaje Perine to see the majority of available snaps in the backfield. With Pacheco on injured reserve due to a leg injury, Perine will start for the Kansas City Chiefs against the Atlanta Falcons on Sunday."
sport_9.json,4,no,What kind of performance can be anticipated from Samaje Perine based on his recent statistics and roles?,gpt-3.5,"Based on Samaje Perine's recent statistics and roles, a solid performance can be anticipated from him. He has shown the ability to contribute both on the ground and through the air, with a good amount of rushing and receiving yards, along with seven total touchdowns in 33 appearances since 2022. Additionally, in the three games he started, Perine recorded significant yardage both rushing and receiving, indicating his versatility and potential to make an impact in the upcoming game against the Falcons."
sport_9.json,5,no,How has the opposing defense's performance influenced the expectations for the running backs in the upcoming game?,gpt-3.5,"The opposing defense's performance has influenced the expectations for the running backs in the upcoming game as the Atlanta Falcons defense has allowed the sixth-most rushing yards per game throughout the first two weeks of the year. This suggests that Samaje Perine, who is set to start for the Kansas City Chiefs in place of the injured Isiah Pacheco, may have a favorable matchup against a defense that has struggled against the run."
sport_9.json,1,yes,How has the overall performance of the team been impacted by struggles with injuries this season?,gpt-3.5,"The overall performance of the team has been impacted by struggles with injuries this season. Starting running back Isiah Pacheco is currently on injured reserve due to a leg injury, and it is mentioned that he is expected to miss at least six weeks after suffering a fractured fibula. This injury has forced the team to rely on other running backs like Samaje Perine to step up and take on a larger role. Additionally, the absence of key players due to injuries has led to the team facing challenges and adjustments in their lineup, affecting their performance on the field."
sport_9.json,2,yes,What impact did the knee injury that sidelined the starting quarterback have on the team's performance?,gpt-3.5,The document does not mention any knee injury that sidelined the starting quarterback.
sport_9.json,3,yes,In what ways have injuries to key defensive players complicated the overall situation for the team?,gpt-3.5,Injuries to key defensive players have not been mentioned in the provided document.
sport_9.json,4,yes,How has the current losing streak influenced the pressure faced by the coaching staff and players?,gpt-3.5,"The document provided does not mention any current losing streak that would influence the pressure faced by the coaching staff and players. Therefore, based on the information in the document, there is no indication that a losing streak is affecting the pressure faced by the coaching staff and players."
sport_9.json,5,yes,What adjustments are being considered by the coaching staff to accommodate the absence of injured players?,gpt-3.5,"The coaching staff is considering starting Samaje Perine to accommodate the absence of injured players, specifically Isiah Pacheco, who is currently on injured reserve due to a leg injury. Perine is expected to see the majority of available snaps in the backfield for the Kansas City Chiefs in the upcoming game against the Atlanta Falcons."
sport_9.json,6,yes,How are fans expressing their concerns regarding the team's competitiveness without its star players participating?,gpt-3.5,Fans are expressing their concerns regarding the team's competitiveness without its star players participating by monitoring the team's performance and discussing it on social media platforms.
sport_10.json,1,no,What health issues have contributed to Kenny Omega's absence from wrestling since December and May?,gpt-3.5,"Kenny Omega's absence from wrestling since December and May has been due to health issues, including diverticulitis."
sport_10.json,2,no,How did Kenny Omega's comments on social media hint at his ongoing medical clearance status for competition?,gpt-3.5,"Kenny Omega hinted at his ongoing medical clearance status for competition by stating on social media that he is ""not medically cleared"" to compete. This statement suggests that his absence from wrestling may continue as he deals with health issues, particularly diverticulitis."
sport_10.json,3,no,"What significant medical procedure did Kenny Omega mention he required, and what was the doctor's assessment of his condition?",gpt-3.5,Kenny Omega mentioned that he required surgery for diverticulitis. The doctor's assessment of his condition was that he was lucky to be alive.
sport_10.json,4,no,How has Kenny Omega's absence impacted fan expectations regarding a potential rivalry with another wrestling star?,gpt-3.5,"Kenny Omega's absence has impacted fan expectations regarding a potential rivalry with another wrestling star, Kazuchika Okada. Fans were excited about the potential reprisal of their classic rivalry during their time together in New Japan Pro-Wrestling when Okada signed with AEW. However, with Omega's absence and no publicly known timeline for his return, the anticipation for the revival of this rivalry has been put on hold."
sport_10.json,5,no,What factors contribute to Kenny Omega being regarded as one of the best in-ring wrestlers when healthy?,gpt-3.5,"Kenny Omega is regarded as one of the best in-ring wrestlers when healthy due to his exceptional wrestling skills, athleticism, in-ring storytelling ability, and his ability to put on high-quality matches consistently. Omega's performances in the ring, his innovative moveset, and his matches with top talents like Kazuchika Okada have solidified his reputation as a top-tier wrestler in the industry."
sport_10.json,1,yes,"What were the circumstances surrounding Kenny Omega's birth in Transcona, Winnipeg, Manitoba, on October 16, 1983?",gpt-3.5,"Sorry, but I cannot provide the answer to that question as the document provided does not contain any information about the circumstances surrounding Kenny Omega's birth in Transcona, Winnipeg, Manitoba, on October 16, 1983."
sport_10.json,2,yes,Which independent promotions in Canada and the United States did Kenny Omega start working for in 2000?,gpt-3.5,Kenny Omega started working for independent promotions in Canada and the United States in 2000.
sport_10.json,3,yes,How has Kenny Omega's wrestling style contributed to his storytelling ability during matches throughout his career?,gpt-3.5,"Kenny Omega's wrestling style has contributed to his storytelling ability during matches throughout his career by incorporating a mix of technical prowess, high-flying maneuvers, and innovative moves that create compelling and engaging narratives in the ring. His ability to adapt to different opponents and match scenarios, combined with his charisma and character work, allows him to connect with the audience on an emotional level and deliver memorable performances that resonate with fans. Omega's attention to detail, psychology, and creativity in the ring have helped him establish himself as one of the best storytellers in professional wrestling today."
sport_10.json,4,yes,What specific gaming references has Kenny Omega incorporated into his wrestling persona beyond his wrestling career?,gpt-3.5,Kenny Omega has incorporated specific gaming references into his wrestling persona beyond his wrestling career by hyping the inclusion of fellow AEW star Samoa Joe in the upcoming Like a Dragon: Pirate Yakuza in Hawaii video game.
sport_10.json,5,yes,"Which championships did Kenny Omega win, and what were the significance and impact of those titles?",gpt-3.5,"Kenny Omega has won the AEW World Championship and the IWGP Heavyweight Championship during his wrestling career. These titles are significant because they are prestigious world championships in their respective promotions. Winning these titles solidified Omega's status as one of the top talents in the wrestling industry and showcased his abilities as a main event level performer. The impact of holding these titles helped elevate Omega's profile both within the promotions and in the eyes of wrestling fans worldwide, further establishing him as a top star in the industry."
sport_11.json,1,no,What is the estimated auction value of Shohei Ohtani's historic 50th home run baseball according to experts?,gpt-3.5,"The estimated auction value of Shohei Ohtani's historic 50th home run baseball is around $500,000 according to experts."
sport_11.json,2,no,How does Shohei Ohtani's achievement of 50 home runs and 50 stolen bases impact his historical significance?,gpt-3.5,"Shohei Ohtani's achievement of hitting 50 home runs and stealing 50 bases in a single season for the Los Angeles Dodgers makes him the first player in MLB history to accomplish this feat. This extraordinary accomplishment solidifies Ohtani's place in baseball history as a unique and exceptional player, showcasing his rare combination of power and speed. It sets him apart from other players and cements his historical significance in the sport of baseball."
sport_11.json,3,no,What notable performance did Shohei Ohtani have during the game in which he hit his 50th homer?,gpt-3.5,"During the game in which Shohei Ohtani hit his 50th home run, he had a remarkable performance by going 6-for-6, hitting three homers, two doubles, stealing two bases, and driving in 10 runs."
sport_11.json,4,no,What factors might influence the decision of the unidentified fan regarding the potential sale of the baseball?,gpt-3.5,"The factors that might influence the decision of the unidentified fan regarding the potential sale of the baseball could include:

1. Emotional attachment: The fan may have an emotional attachment to the ball due to catching such a historic piece of baseball memorabilia, particularly from a player like Shohei Ohtani achieving a significant milestone.

2. Financial considerations: The potential financial gain from selling the ball for around $500,000 could be a key factor in the decision-making process.

3. Negotiation attempts: The fan's decision might also be influenced by any negotiations or deals offered by the Los Angeles Dodgers to acquire the ball for Ohtani, which could affect the perceived value of the ball.

4. Future value: The fan may consider the potential future value of the baseball, especially if Ohtani's career continues to be successful and the ball becomes even more valuable over time.

5. Personal motivations: Other personal motivations or reasons, such as wanting to keep a unique piece of sports memorabilia, could also play a role in the fan's decision on whether to sell the ball."
sport_11.json,5,no,How does the sale history of baseballs relate to the expected auction price of Ohtani's 50th home run?,gpt-3.5,"The sale history of baseballs, with six baseballs in history having sold for at least $500,000, including Aaron Judge's 62nd home run from the 2022 season that went for $1.5 million, indicates that there is a precedent for baseballs with significant historical value to fetch high prices at auction. This context likely contributes to the expectation that Shohei Ohtani's 50th home run ball could sell for around $500,000 if it were to be made available at auction."
sport_11.json,1,yes,How did Ohtani's unique skill set compare to other players who played for the Los Angeles Angels historically?,gpt-3.5,Ohtani's unique skill set of hitting 50 home runs and stealing 50 bases in a single season for the Los Angeles Dodgers has never been achieved by any player in MLB history. This makes Ohtani's accomplishment truly historic and unprecedented compared to other players who have played for the Los Angeles Angels historically.
sport_11.json,2,yes,What factors contributed to Ohtani's decision to begin his professional career with the Hokkaido Nippon-Ham Fighters?,gpt-3.5,"Ohtani's decision to begin his professional career with the Hokkaido Nippon-Ham Fighters was influenced by various factors, including the team's willingness to allow him to both pitch and hit, as well as their efforts to accommodate his desire to develop his skills in both aspects of the game. Additionally, the Fighters' location in a rural area and their strong fan base were also appealing to Ohtani."
sport_11.json,3,yes,"How did the Los Angeles Angels' fans react to Ohtani's debut in the MLB on April 1, 2018?",gpt-3.5,"The Los Angeles Angels' fans reacted to Ohtani's debut in the MLB on April 1, 2018, with enthusiasm and excitement."
sport_11.json,4,yes,"What specific achievements led to Ohtani winning the American League MVP award in 2021, according to different sources?",gpt-3.5,"Ohtani won the American League MVP award in 2021 due to his historic accomplishments, such as being the first player in MLB history with 50 homers and 50 stolen bases in a season, hitting his 50th home run of the season, and recording at least 17 total bases in a single game."
sport_11.json,5,yes,Which records did Ohtani break regarding his speed in reaching significant milestones for an MLB player?,gpt-3.5,Shohei Ohtani became the first player in MLB history to reach 50 home runs and 50 stolen bases in a single season.
sport_12.json,1,no,What key piece of advice did Josh Allen offer to Caleb Williams regarding his early NFL performances?,gpt-3.5,Josh Allen advised Caleb Williams to not let his first couple of games in the NFL define his career. Allen emphasized the importance of continuing to work hard and play football the way Williams knows how to play the game.
sport_12.json,2,no,"How can a rough start in the NFL impact a player's long-term career trajectory, according to Josh Allen?",gpt-3.5,"According to Josh Allen, a rough start in the NFL may not define a player's career trajectory. He mentioned that if the first few games in an NFL career do not go well, it does not necessarily mean that it will define the player's career. Allen advised Caleb Williams to keep working hard and playing football the way he knows how to play the game, suggesting that a rough start can be overcome with perseverance and dedication."
sport_12.json,3,no,What notable achievements did Caleb Williams accomplish during his college career prior to joining the NFL?,gpt-3.5,"Caleb Williams won the 2023 Heisman Trophy and threw for 10,082 yards and 93 touchdowns during his college career at Oklahoma and USC before joining the NFL."
sport_12.json,4,no,How does Josh Allen's experience during his rookie season serve as an example for Caleb Williams?,gpt-3.5,"Josh Allen's experience during his rookie season serves as an example for Caleb Williams by showing that a rough start in the NFL does not define a player's career. Despite Allen going 5-6 in his rookie season with modest statistics, he was able to overcome this slow start and develop into one of the best quarterbacks in the league. This demonstrates to Caleb Williams that early struggles can be overcome with hard work and perseverance, and that he has the potential to improve and succeed in the NFL."
sport_12.json,5,no,In what ways have Josh Allen's subsequent accomplishments contrasted with his initial struggles in the NFL?,gpt-3.5,"Josh Allen's subsequent accomplishments in the NFL contrast with his initial struggles in that he has led the Buffalo Bills to five consecutive playoff appearances, won four consecutive division titles, and has been named to two Pro Bowls. This is a stark difference from his rookie season where he went 5-6, threw for 2,074 yards with 10 touchdowns and 12 interceptions."
sport_12.json,1,yes,"What significant event related to Caleb Williams occurred on November 18, 2002, in a different city?",gpt-3.5,"The significant event related to Caleb Williams that occurred on November 18, 2002, in a different city was when he won the 2023 Heisman Trophy."
sport_12.json,2,yes,In which location did Caleb Williams showcase his quarterback skills while attending a specific high school?,gpt-3.5,Caleb Williams showcased his quarterback skills while attending a specific high school in Oklahoma and USC during his college career.
sport_12.json,3,yes,What notable achievements did Caleb Williams accomplish while competing at a specific university during a particular season?,gpt-3.5,"Caleb Williams won the 2023 Heisman Trophy and threw for 10,082 yards and 93 touchdowns during his college career at Oklahoma and USC."
sport_12.json,4,yes,Which year did Caleb Williams receive a prestigious award for being an outstanding college football player?,gpt-3.5,Caleb Williams received the Heisman Trophy in 2023 for his outstanding college football career.
sport_12.json,5,yes,What specific factors contributed to Caleb Williams being viewed as a top prospect for a future NFL Draft?,gpt-3.5,"Caleb Williams was viewed as a top prospect for a future NFL Draft due to his elite college career at Oklahoma and USC. He won the 2023 Heisman Trophy and threw for 10,082 yards and 93 touchdowns in his college career."
sport_13.json,1,no,What significant record did Caitlin Clark achieve with her autographed WNBA draft rookie card at auction?,gpt-3.5,"Caitlin Clark achieved the record for having the highest-selling women's sports card ever with her autographed WNBA draft rookie card, which sold for $84,000 at auction."
sport_13.json,2,no,How much did Caitlin Clark's autographed WNBA draft rookie card sell for during the auction event?,gpt-3.5,"Caitlin Clark's autographed WNBA draft rookie card sold for $84,000 during the auction event."
sport_13.json,3,no,What notable achievements did Caitlin Clark accomplish during her rookie season in the WNBA?,gpt-3.5,"Caitlin Clark accomplished several notable achievements during her rookie season in the WNBA, including setting a new WNBA single-season assist record and a new rookie single-season scoring record."
sport_13.json,4,no,What are the specific shooting statistics that Caitlin Clark recorded during her first WNBA season?,gpt-3.5,"Caitlin Clark recorded shooting splits of 41.7% from the field, 34.4% from three-point range, and 90.6% from the free-throw line during her first WNBA season."
sport_13.json,5,no,Why might Caitlin Clark's record for the highest-selling women's sports card be at risk of being surpassed?,gpt-3.5,"Caitlin Clark's record for the highest-selling women's sports card might be at risk of being surpassed because Goldin is auctioning off another autographed Clark draft night card packaged with a signed draft card by Chicago Sky standout rookie Angel Reese, which could potentially surpass $84,000."
sport_13.json,1,yes,How did Caitlin Clark's standout performance at the University of Iowa influence her later professional career?,gpt-3.5,"Caitlin Clark's standout performance at the University of Iowa influenced her later professional career by helping her quickly make an impact in the WNBA during her rookie season. Her success in college, where she had an incredible four-year career, prepared her well for the transition to the professional level. This is evident in her performance during her rookie season in the WNBA, where she averaged impressive statistics and set multiple records."
sport_13.json,2,yes,In what ways did Caitlin Clark's recognition as NCAA Player of the Year affect her future career prospects?,gpt-3.5,"Caitlin Clark's recognition as NCAA Player of the Year enhanced her reputation and visibility, which likely contributed to her being selected as the No. 1 overall pick in the 2024 WNBA draft. This recognition as a top college player would have increased her market value and desirability, leading to better endorsement deals, higher draft position, and increased fan following."
sport_13.json,3,yes,What specific accolades during Caitlin Clark's college career highlighted her influence on women's basketball at large?,gpt-3.5,Caitlin Clark's specific accolades during her college career that highlighted her influence on women's basketball at large include setting a new WNBA single-season assist record as well as a new rookie single-season scoring record.
sport_13.json,4,yes,How did leading the NCAA in assists during her final season shape Caitlin Clark's overall basketball legacy?,gpt-3.5,"Leading the NCAA in assists during her final season at Iowa helped shape Caitlin Clark's overall basketball legacy by showcasing her exceptional playmaking abilities and court vision. This accomplishment highlighted her skills as a well-rounded player who could not only score but also create scoring opportunities for her teammates. It solidified her reputation as a talented point guard and contributed to her success in transitioning to the WNBA, where she continued to excel in distributing the ball and setting up her teammates for success."
sport_13.json,5,yes,What factors contributed to Caitlin Clark's scoring average exceeding 25 points per game in her final season?,gpt-3.5,"Caitlin Clark's scoring average exceeding 25 points per game in her final season was contributed by her exceptional scoring ability, shooting efficiency, and playmaking skills. Throughout her four-year college career at Iowa, Clark showcased her scoring prowess with a combination of scoring, rebounding, and assisting abilities. This allowed her to maintain high shooting percentages and contribute significantly to her team's success, ultimately leading to an impressive scoring average exceeding 25 points per game in her final season."
sport_13.json,6,yes,How did Caitlin Clark's contributions to international competitions enhance her stature as a top player globally?,gpt-3.5,"Caitlin Clark's contributions to international competitions enhanced her stature as a top player globally by showcasing her skills and abilities on a larger stage. Her performances in international competitions allowed her to compete against top players from around the world, further proving her talent and capabilities. This exposure on the international level helped solidify her reputation as a top player globally and attract attention from fans and collectors, as evidenced by the high selling price of her autographed WNBA draft rookie card."
sport_14.json,1,no,What specific factors contributed to the Dallas Cowboys being recognized as the most improved team in analytics?,gpt-3.5,"The Dallas Cowboys were recognized as the most improved team in analytics due to substantial staffing changes, including notable hires such as director of strategic football operations John Park and the addition of Kathy Evans to the analytics group. Additionally, the franchise added four other full-time employees to the analytics team and two strategic football fellows. These resources and investments in the analytics department were viewed as reasons for the team's improvement in analytics."
sport_14.json,2,no,How has the addition of new personnel influenced the Dallas Cowboys' analytics department growth and effectiveness?,gpt-3.5,"The addition of new personnel, including notable hires such as director of strategic football operations John Park and analytics expert Kathy Evans, along with the recruitment of four other full-time employees and two strategic football fellows, has significantly influenced the growth and effectiveness of the Dallas Cowboys' analytics department. These staffing changes have contributed to the Cowboys being voted as the most improved team in overall analytics by NFL executives."
sport_14.json,3,no,What reasons did NFL executives provide for the Dallas Cowboysâ€™ significant improvement in their analytics approach?,gpt-3.5,"The NFL executives provided two main reasons for the Dallas Cowboys' significant improvement in their analytics approach: substantial staffing changes and the resources the team has, particularly pointing out that the Cowboys have more resources than anybody."
sport_14.json,4,no,In what ways did the Dallas Cowboysâ€™ playoff performance highlight the need for a change in strategy?,gpt-3.5,"The Dallas Cowboys' playoff performance highlighted the need for a change in strategy by falling to the Green Bay Packers 48-32 in the Wild Card round. This loss to the No. 7 seed showcased their struggles in the postseason, as it was the second time in three seasons that the Cowboys failed to win a playoff game. Additionally, the fact that the franchise has not reached a Conference Championship since 1995 emphasizes the need for a change in strategy to overcome their postseason challenges and achieve greater success."
sport_14.json,5,no,How does the historical context of the franchise's playoff success relate to the recent improvements in analytics?,gpt-3.5,"The historical context of the franchise's playoff success shows that the Dallas Cowboys have had limited success in the postseason, with the recent loss in the Wild Card game being a notable example. This lack of playoff success despite consistently making it to the playoffs highlights the need for improvements in various aspects of the team, including analytics. The recent improvements in analytics, such as the significant staffing changes and additions to the analytics team, suggest that the Cowboys are actively trying to enhance their decision-making processes and strategies to increase their chances of success in the playoffs and ultimately reach a Conference Championship, which they have not achieved since 1995."
sport_14.json,1,yes,"Is it true that the Cowboys, based in Arlington, Texas, were founded in 1960 yet still obscure?",gpt-3.5,"No, it is not true that the Cowboys, based in Arlington, Texas, were founded in 1960 yet still obscure. The Dallas Cowboys, founded in 1960, are a well-known and popular team in the NFL."
sport_14.json,2,yes,How many Super Bowl championships has the Dallas Cowboys franchise won since its establishment in 1960?,gpt-3.5,The Dallas Cowboys franchise has won a total of 5 Super Bowl championships since its establishment in 1960.
sport_14.json,3,yes,What specific achievements have the Cowboys earned that justify their dominance in American football history?,gpt-3.5,"The specific achievements that justify the dominance of the Dallas Cowboys in American football history are their three Super Bowl victories. The Cowboys have won the Super Bowl three times, with victories in Super Bowl VI, Super Bowl XII, and Super Bowl XXVII. These victories, along with their numerous playoff appearances and division titles, have solidified the Cowboys' legacy as one of the most successful franchises in NFL history."
sport_15.json,1,no,What specific attributes contribute to Carson Beck being ranked as the top quarterback for the 2025 draft?,gpt-3.5,"Carson Beck is ranked as the top quarterback for the 2025 draft due to his size, strong arm, productivity, playing at a top program, and being mobile."
sport_15.json,2,no,How has Carson Beck's performance in the 2024 season influenced his standing among upcoming draft prospects?,gpt-3.5,"Carson Beck's strong start to the 2024 season has elevated his standing among upcoming draft prospects. An NFL executive ranked him as the top quarterback in the 2025 draft class, citing his size, strong arm, productivity, playing for a top program, and mobility as key factors. Beck's impressive performance, leading the Georgia Bulldogs to a 3-0 start and putting up impressive stats, has solidified his position as the top quarterback prospect for the 2025 NFL Draft."
sport_15.json,3,no,In what ways does the 2025 draft class differ in quarterback talent compared to other positions?,gpt-3.5,"The 2025 draft class is projected to be strong at other positions, but there is a lack of top-tier talent in terms of quarterbacks. The NFL executive and one voter mentioned that Georgia's Carson Beck is the only quarterback in the class who they believe has a chance of being selected in the top 10. This suggests that the quarterback talent in the 2025 draft class is not as strong as in other positions."
sport_15.json,4,no,What statistics demonstrate Carson Beck's effectiveness as a quarterback during the early weeks of the season?,gpt-3.5,"Carson Beck's effectiveness as a quarterback during the early weeks of the season is demonstrated by the following statistics:

- Thrown for 680 yards
- Seven touchdowns
- No interceptions
- Completion rate of 68.3 percent"
sport_15.json,5,no,Why does one evaluator believe Carson Beck is the only quarterback with potential top 10 draft odds?,gpt-3.5,"One evaluator believes Carson Beck is the only quarterback with potential top 10 draft odds because Beck is considered to have more size than the other quarterbacks in his class, a strong arm, productivity, plays at a top program, and is mobile. These factors make Beck stand out among the quarterbacks in the 2025 draft class, giving him a higher likelihood of being selected in the top 10."
sport_15.json,1,yes,How did Carson Beck's performance as a quarterback influence his status in American football historically?,gpt-3.5,"Carson Beck's performance as a quarterback has influenced his status in American football historically by making him the top-ranked quarterback for the 2025 NFL Draft class. An NFL executive ranked him above Shedeur Sanders and other prospects due to his size, strong arm, productivity, playing at a top program, and mobility. Beck's strong start to the 2024 season and his impressive statistics have solidified his position as the top signal-caller, with the potential to be selected within the top 10 picks in the draft."
sport_15.json,2,yes,In what ways did Carson Beck's birthplace impact his future career in professional football?,gpt-3.5,"Carson Beck's birthplace did not have a direct impact on his future career in professional football as it is not mentioned in the provided document. The document primarily focuses on Beck's performance as a quarterback for the Georgia Bulldogs and his ranking by an NFL executive for the 2025 NFL Draft based on his skills and attributes such as size, arm strength, productivity, and mobility."
sport_15.json,3,yes,What factors contributed to Carson Beck's excellence as a quarterback during his time at Mandarin High School?,gpt-3.5,"Carson Beck's excellence as a quarterback during his time at Mandarin High School was attributed to his size, strong arm, productivity, playing at a top program, and being mobile."
sport_15.json,4,yes,What were the main reasons behind Carson Beck's college football commitment to a university outside of Georgia?,gpt-3.5,Carson Beck's main reasons behind his college football commitment to a university outside of Georgia were his desire to play at a top program and the opportunities it presented for him to showcase his skills on a bigger stage.
sport_15.json,5,yes,How did recruiting services evaluate Carson Beck's high school performance to determine his star rating?,gpt-3.5,"Recruiting services evaluated Carson Beck's high school performance based on his star rating by considering factors like his size, arm strength, productivity, level of competition, and mobility."
sport_15.json,6,yes,In what specific ways did Carson Beck demonstrate leadership during his high school team's successful season?,gpt-3.5,"Carson Beck demonstrated leadership during his high school team's successful season by leading the No. 2 Bulldogs to a 3-0 start and by maintaining impressive individual statistics, including throwing for 680 yards, seven touchdowns, and no interceptions while completing 68.3 percent of his passes."
sport_16.json,1,no,What are the implications of the Pacers trading their No. 8 pick for a developing power forward?,gpt-3.5,"The implications of the Pacers trading their No. 8 pick for a developing power forward would be that they are prioritizing immediate help over long-term potential. By giving up their No. 8 pick in 2023 for a developing power forward like Walker, the Pacers are aiming to bolster their roster with a player who can contribute sooner rather than waiting for a draft pick to develop. This move suggests that the Pacers are focused on improving their team in the present rather than investing in future prospects."
sport_16.json,2,no,How does the addition of a larger backup impact the Pacersâ€™ roster and future strategies?,gpt-3.5,"The addition of a larger backup like Carter, who is 6'10"" and 270 pounds, impacts the Pacers' roster by providing them with a bigger and stronger option to back up Myles Turner. This addition addresses the need for more physicality and size in the frontcourt, especially considering Turner is in the last year of his contract. In terms of future strategies, this move suggests that the Pacers are prioritizing roster balance and depth, preparing for potential changes in their frontcourt lineup, and aiming to stay competitive in the Eastern Conference."
sport_16.json,3,no,In what ways does the contract situation of Carter benefit the Pacers in their financial planning?,gpt-3.5,"The contract situation of Carter benefits the Pacers in their financial planning in two main ways:

1. Carter has a team-friendly contract at $12 million this season and $10.9 million next, which provides the Pacers with cost certainty for the next two seasons. This allows the team to plan their budget effectively and avoid unexpected financial burdens.

2. Carter's contract provides the Pacers with a cost-effective option for a bigger, stronger backup to Myles Turner. This allows the team to address their positional needs without having to spend significantly more money on a player with similar attributes."
sport_16.json,4,no,What challenges do the Pacers face in maintaining their roster size while avoiding the luxury tax threshold?,gpt-3.5,"The challenges the Pacers face in maintaining their roster size while avoiding the luxury tax threshold include the need to return to a minimum of 14 standard contracts while also being close to the NBA's $170.8 million luxury tax threshold. To stay under the luxury tax threshold, the Pacers may need to convert players like Enrique Freeman or Tristen Newton, who were drafted in the second round and signed two-way contracts, as they would count against the tax at almost $1.2 million, as opposed to a non-drafted rookie minimum salary player who would earn the same salary but would be almost $2.1 million against the tax."
sport_16.json,5,no,How do the contracts of Enrique Freeman and Tristen Newton factor into the Pacers' financial strategy for the season?,gpt-3.5,"Enrique Freeman and Tristen Newton factor into the Pacers' financial strategy for the season by helping the team stay under the NBA's $170.8 million luxury tax threshold. By converting either Freeman or Newton from two-way contracts to non-drafted rookie minimum contracts, the Pacers would reduce the amount counted against the luxury tax. This strategy allows the team to manage their finances more effectively and potentially avoid exceeding the luxury tax threshold."
sport_16.json,1,yes,Is it true that a professional basketball team in Indianapolis has a different name than the Pacers?,gpt-3.5,"No, it is not true. The professional basketball team in Indianapolis is named the Pacers."
sport_16.json,2,yes,How does the Central Division's composition impact the Eastern Conference standings for the Pacers?,gpt-3.5,"The Central Division's composition impacts the Eastern Conference standings for the Pacers by highlighting the need to make strategic player moves to remain competitive within the division. The Pacers face stiff competition within the Central Division, which includes teams like the Milwaukee Bucks, Chicago Bulls, and Cleveland Cavaliers. In order to boost their chances of success and stay competitive, the Pacers need to carefully consider player contracts, rotations, and salary cap implications to ensure they can maintain a strong roster while staying under the luxury tax threshold. This necessitates making calculated decisions regarding player acquisitions, contract extensions, and roster management to navigate the challenges posed by the other teams in the Central Division and the broader Eastern Conference."
sport_16.json,3,yes,What significant events occurred in the NBA after the Pacers were established in 1967?,gpt-3.5,"After the Pacers were established in 1967, some significant events that occurred in the NBA include the merger with the ABA in 1976, the introduction of the three-point line in the 1979-1980 season, the drafting of Michael Jordan in 1984, the Dream Team's dominance in the 1992 Olympics, Kobe Bryant's 81-point game in 2006, and LeBron James' ""Decision"" to join the Miami Heat in 2010."
sport_16.json,4,yes,Which players contributed to a franchise's success that is not associated with the Pacers in the NBA?,gpt-3.5,Pascal Siakam and Obi Toppin contributed to a franchise's success that is not associated with the Pacers in the NBA.
sport_16.json,5,yes,How many playoff appearances did a different team from the Pacers have during their franchise history?,gpt-3.5,The document does not provide information about the playoff appearances of a different team from the Pacers.
sport_16.json,6,yes,What unique features distinguish the Gainbridge Fieldhouse from other NBA arenas not related to the Pacers?,gpt-3.5,"I'm sorry, but the document you provided does not contain information about the unique features that distinguish the Gainbridge Fieldhouse from other NBA arenas not related to the Pacers. If you have any other questions or need further assistance, feel free to ask."
sport_17.json,1,no,"What unconventional method does the head coach use when entering the cold tub, according to Joey Bosa?",gpt-3.5,"The head coach, Jim Harbaugh, enters the cold tub without removing any clothing, getting in with his full outfit on, including his belt and khakis, as revealed by Joey Bosa."
sport_17.json,2,no,How does Jim Harbaughâ€™s choice of attire reflect his unique approach to cold tub recovery practices?,gpt-3.5,"Jim Harbaugh's choice of attire reflects his unique approach to cold tub recovery practices as he gets into the cold tub without removing any clothing. Specifically, he gets into the cold tub in his full outfit, including his shirt still tucked in, belt, and khakis. This unconventional approach sets him apart from others who typically remove clothing before getting into a cold tub for recovery."
sport_17.json,3,no,What is the current performance record of the team under Jim Harbaughâ€™s leadership in the season?,gpt-3.5,The current performance record of the Los Angeles Chargers under Jim Harbaugh's leadership in the season is 2-0.
sport_17.json,4,no,What notable achievements did Jim Harbaugh accomplish prior to joining the Chargers as head coach?,gpt-3.5,"Jim Harbaugh led his alma mater, Michigan, to a National Championship in 2023 before joining the Chargers as head coach. Additionally, he had a successful stint as the head coach of the San Francisco 49ers from 2011-2014, compiling a 44-19-1 record."
sport_17.json,5,no,How has Joey Bosa's performance contributed to the Chargers' success in the early part of the season?,gpt-3.5,"Joey Bosa's performance has contributed to the Chargers' success in the early part of the season by recording two sacks and nine total tackles. As a cornerstone piece for the Chargers with 69 career sacks and four Pro Bowl selections, Bosa's defensive efforts have likely played a significant role in the team's 2-0 start and outscoring opponents 48-16."
sport_17.json,1,yes,When did Jim Harbaugh take over as head coach for the University of Michigan football team in 2014?,gpt-3.5,Jim Harbaugh took over as head coach for the University of Michigan football team in 2014.
sport_17.json,2,yes,How many NCAA rankings did Jim Harbaugh achieve with the University of Michigan football team during coaching?,gpt-3.5,Jim Harbaugh achieved a National Championship with the University of Michigan football team during coaching.
sport_17.json,3,yes,What specific bowl games has Jim Harbaugh led the University of Michigan football team to since his appointment?,gpt-3.5,Jim Harbaugh led the University of Michigan football team to a National Championship in 2023.
sport_17.json,4,yes,In what ways does Jim Harbaugh's coaching style reflect his commitment to competitive team culture and passion?,gpt-3.5,"Jim Harbaugh's coaching style reflects his commitment to competitive team culture and passion in several ways. One example is his unique approach to recovery and dedication to his health by hopping into the cold tub without removing any clothing, including his full outfit with accessories like his belt and khakis. This shows a level of commitment and discipline that can inspire his players to give their best effort. Additionally, Harbaugh's success both in college football with Michigan and in the NFL with the San Francisco 49ers demonstrates his competitiveness and passion for winning, which can motivate and drive his team to succeed. Overall, Harbaugh's unconventional methods and track record of success highlight his dedication to creating a winning culture and fostering a competitive spirit within his team."
sport_18.json,1,no,What are the key details regarding AJ Dybantsa's upcoming official visit to North Carolina this weekend?,gpt-3.5,AJ Dybantsa is scheduled to take an official visit to North Carolina this weekend. He will arrive at Chapel Hill on Friday for the visit.
sport_18.json,2,no,How does AJ Dybantsa's performance at the 2023 Peach Jam highlight his offensive capabilities and potential?,gpt-3.5,"AJ Dybantsa's performance at the 2023 Peach Jam highlights his offensive capabilities and potential by showcasing his ability to be the leading scorer in the tournament as an underclassman, averaging an impressive 25.8 points per game. This demonstrates his scoring prowess and effectiveness in generating his own offense, utilizing his height and wingspan to pull up over smaller defenders consistently."
sport_18.json,3,no,What factors might influence AJ Dybantsa's decision among the seven schools he is considering for recruitment?,gpt-3.5,"AJ Dybantsa's decision among the seven schools he is considering for recruitment might be influenced by factors such as the coaching staff's vision for his role on the team, the opportunity to play the wing role, being able to play on-ball and off-ball, the chance to be a two-way player and a do-it-all wing, as well as the overall program's track record of developing players and achieving success. Dybantsa's affinity for the school and the presence of other professional wings within the program might also play a role in his decision-making process."
sport_18.json,4,no,In what ways does AJ Dybantsa envision his role at North Carolina based on his discussions with the coaching staff?,gpt-3.5,"AJ Dybantsa envisions his role at North Carolina as a versatile wing player who will play both on-ball and off-ball, be a two-way player, and essentially be a do-it-all wing."
sport_18.json,5,no,How has AJ Dybantsa's international performance during the FIBA U17 World Cup contributed to his recruiting profile?,gpt-3.5,"AJ Dybantsa's international performance during the FIBA U17 World Cup has contributed to his recruiting profile by showcasing his skills and abilities on a global stage. His performance, averaging 14.1 points, 3.9 rebounds, and 4.1 assists per game on 58.7 percent shooting, demonstrates his versatility and effectiveness in various aspects of the game. This performance highlights his talent and potential as a basketball player, making him an attractive prospect for college programs looking to recruit top talent."
sport_18.json,1,yes,Is AJ Dybantsa currently competing at the college level instead of as a high school basketball player?,gpt-3.5,"No, AJ Dybantsa is a high school basketball player and is not currently competing at the college level."
sport_18.json,2,yes,How does AJ Dybantsa's role as a guard influence his scoring ability and playmaking skills?,gpt-3.5,"AJ Dybantsa's role as a guard allows him to utilize his height and wingspan advantage to pull up over smaller defenders, which helps him consistently generate his own offense. Additionally, being a guard enables him to be a playmaker on the court, as evidenced by his average of 4.1 assists per game during the FIBA U17 World Cup. This combination of scoring ability and playmaking skills showcases Dybantsa's versatility and impact on both ends of the floor as a two-way player."
sport_18.json,3,yes,What specific awards did AJ Dybantsa receive for his performance that led to his recognition in basketball?,gpt-3.5,"AJ Dybantsa received recognition for being the leading scorer in the 2023 Peach Jam as an underclassman, averaging 25.8 points per game. Additionally, he stood out for the United States during the FIBA U17 World Cup, where he averaged 14.1 points and 3.9 rebounds to go along with 4.1 assists per game on 58.7 percent shooting."
sport_18.json,4,yes,In what ways has AJ Dybantsa showcased his leadership during numerous victories with his high school team?,gpt-3.5,"AJ Dybantsa has showcased his leadership by being the leading scorer in the 2023 Peach Jam as an underclassman, averaging 25.8 points per game."
sport_18.json,5,yes,Which colleges have recruited AJ Dybantsa based on his impressive performances and potential for further development?,gpt-3.5,"The colleges that have recruited AJ Dybantsa based on his impressive performances and potential for further development are Alabama, Auburn, Baylor, BYU, Kansas, Kansas State, and North Carolina."
sport_18.json,6,yes,How does AJ Dybantsa's strong work ethic manifest in his training routine outside of team practices?,gpt-3.5,"AJ Dybantsa's strong work ethic manifests in his training routine outside of team practices by consistently generating his own offense using his height and wingspan to pull up over smaller defenders. Additionally, he was the leading scorer in the 2023 Peach Jam as an underclassman, averaging 25.8 points per game."
sport_19.json,1,no,What terms were agreed upon for Justice Hill's recent contract extension with the team he plays for?,gpt-3.5,"Justice Hill and the Baltimore Ravens agreed to a two-year, $6 million contract extension."
sport_19.json,2,no,How has Justice Hill's role in the team's offense evolved over his five-year career thus far?,gpt-3.5,"Justice Hill's role in the team's offense has evolved over his five-year career. Initially, he had a fairly limited role in the Ravens' offense during his first three seasons, with average statistics of about 182 rushing yards, eight catches for 49 yards, and less than one touchdown per year. However, his role expanded last season when he was utilized more frequently as the primary third-down back. This resulted in significant improvements in his stats, including setting career highs in carries, rushing yards, receptions, receiving yards, and touchdowns."
sport_19.json,3,no,What factors contributed to Justice Hill's increased utilization in the team's offense during the previous season?,gpt-3.5,"Justice Hill's increased utilization in the team's offense during the previous season can be attributed to the injuries to running back J.K. Dobbins and the struggles of veteran running back Melvin Gordon. With Dobbins out for the season after just one game and Gordon struggling, Hill became the primary third-down back for the Baltimore Ravens. This increased role led to improved stats for Hill, including career highs in carries, rushing yards, receptions, and receiving yards."
sport_19.json,4,no,How did Justice Hill's performance metrics from last season compare to his earlier seasons in the league?,gpt-3.5,"Justice Hill's performance metrics improved significantly last season compared to his earlier seasons in the league. In the previous three seasons, he averaged about 182 rushing yards, eight catches for 49 yards, and less than one touchdown per year. However, last season, Hill set career highs with 84 carries for 387 yards and three touchdowns, along with 28 receptions for 206 yards and a score."
sport_19.json,5,no,What significant changes occurred in the team's backfield during the offseason that may affect Justice Hillâ€™s role?,gpt-3.5,"The significant changes that occurred in the team's backfield during the offseason that may affect Justice Hillâ€™s role are that both Gus Edwards and J.K. Dobbins signed with the Los Angeles Chargers in free agency, while Baltimore signed Derrick Henry."
sport_19.json,1,yes,"What specific accomplishments did Justice Hill achieve during his early football passion in Tulsa, Oklahoma, in 1997?",gpt-3.5,"I'm sorry, but the document provided does not mention any specific accomplishments achieved by Justice Hill during his early football passion in Tulsa, Oklahoma, in 1997. The document focuses on his career with the Baltimore Ravens in the NFL. If you have any other questions or need further information, feel free to ask."
sport_19.json,2,yes,How did Justice Hill's standout performance at Booker T. Washington High School influence his NFL career trajectory?,gpt-3.5,"Justice Hill's standout performance at Booker T. Washington High School influenced his NFL career trajectory by helping him secure a scholarship to Oklahoma State University, where he had a successful collegiate career before being drafted by the Baltimore Ravens."
sport_19.json,3,yes,Which records did Justice Hill break during his college career that led to All-Conference team selections?,gpt-3.5,"Justice Hill broke the records for two 1,000-yard rushing seasons and 30 total rushing touchdowns during his collegiate career at Oklahoma State, which led to All-Conference team selections."
sport_19.json,4,yes,In what ways have Justice Hill's speed and agility been recognized as impacting his running back performance?,gpt-3.5,"Justice Hill's speed and agility have been recognized as impacting his running back performance by allowing him to be utilized as the Ravens' primary third-down back, resulting in improved stats. This is evident from the fact that Hill set career highs in rushing yards, touchdowns, receptions, and receiving yards during the previous season."
sport_20.json,1,no,What factors contributed to Braelon Allen's lower draft position despite his strong performance during college football seasons?,gpt-3.5,"Braelon Allen's lower draft position was likely influenced by his lower production in his junior year compared to his freshman and sophomore seasons, as well as the implementation of a new offense by the Wisconsin Badgers during his junior year."
sport_20.json,2,no,How did Braelon Allen's production in his junior year affect his pre-draft evaluation and prospect grade?,gpt-3.5,"Braelon Allen's production in his junior year affected his pre-draft evaluation and prospect grade because his rushing yards dipped to 984 after he had impressive performances with 1,268 yards and 1,242 yards during his freshman and sophomore seasons, respectively. The drop in production during his junior year likely played a factor in his pre-draft evaluation."
sport_20.json,3,no,In what ways has Braelon Allen showcased his skills and impact during his first two weeks of the season?,gpt-3.5,"Braelon Allen has showcased his skills and impact during his first two weeks of the season by scoring his first touchdown on a pass from Aaron Rodgers, rushing for the go-ahead score in the fourth quarter of the Jets' Week 2 win against the Tennessee Titans, being voted as the AFC Rookie of the Week, and recording a team-high 55 yards in Thursday night's win against the New England Patriots. He has impressed with his ability to run through contact and punish defenders whenever he touches the ball."
sport_20.json,4,no,What recognition did Braelon Allen receive following his impressive performance in the Jets' Week 2 victory?,gpt-3.5,Braelon Allen was recognized as the AFC Rookie of the Week following his impressive performance in the Jets' Week 2 victory.
sport_20.json,5,no,How has the combination of Braelon Allen and another player transformed the Jets' running back situation?,gpt-3.5,The combination of Braelon Allen and third-year star Breece Hall has transformed the Jets' running back situation into one of the most promising backfield duos in the NFL.
sport_20.json,1,yes,"How did Braelon Allen's birth date influence his early athletic achievements in Fond du Lac, Wisconsin?",gpt-3.5,"Braelon Allen's birth date influenced his early athletic achievements in Fond du Lac, Wisconsin as he was able to participate in sports leagues with older kids due to his late birth date in the calendar year, which helped him develop his skills against tougher competition."
sport_20.json,2,yes,What specific skills did Braelon Allen demonstrate as a standout running back in high school football?,gpt-3.5,"Braelon Allen demonstrated impressive skills as a standout running back in high school football, showcasing the ability to run through contact and punish defenders whenever he touched the ball."
sport_20.json,3,yes,Which college football programs were most interested in recruiting Braelon Allen based on his high school performances?,gpt-3.5,"Based on the document, Braelon Allen impressed with 1,268 rushing yards and 1,242 rushing yards during his freshman and sophomore seasons, respectively, in college at Wisconsin. This likely indicates that his high school performances caught the attention of college football programs."
sport_20.json,4,yes,How did Braelon Allen's decision-making process influence his commitment to the Wisconsin Badgers in 2021?,gpt-3.5,Braelon Allen's decision-making process was influenced by his commitment to the Wisconsin Badgers in 2021 because he chose to attend the University of Wisconsin to play college football.
sport_20.json,5,yes,In what ways did Braelon Allen's first season performance contribute to his reputation in college football?,gpt-3.5,"Braelon Allen's first season performance contributed to his reputation in college football by impressing with 1,268 rushing yards."
sport_20.json,6,yes,What factors led to Braelon Allen being recognized as a Freshman All-American after his debut season?,gpt-3.5,"Braelon Allen was recognized as a Freshman All-American after his debut season due to his impressive performance, where he rushed for 1,268 yards."
