doc_id,q_id,is_confusing,question,LLM_r,response,confusion
sport_1.json,1,no,When is Tee Higgins expected to make his season debut?,gpt-3.5,Tee Higgins is expected to make his season debut during the Cincinnati Bengals' Week 3 matchup with the Washington Commanders.,none
sport_1.json,2,no,What injury caused Tee Higgins to miss the first two games of the season?,gpt-3.5,Tee Higgins missed the first two games of the season due to a hamstring injury.,none
sport_1.json,3,no,How did Higgins describe his condition leading up to the game against the Commanders?,gpt-3.5,Higgins described his condition as feeling great and ready to make his season debut against the Commanders.,none
sport_1.json,4,no,What is the significance of Higgins' return for the Bengals' offense?,gpt-3.5,"The significance of Tee Higgins' return for the Bengals' offense is that it should provide a boost to the team that has started the 2024 season with a disappointing 0-2 record. Higgins' return is expected to improve the offensive performance as he has the potential to add depth and skill to the wide receiver position. Additionally, his return may help alleviate the extra attention given to Ja'Marr Chase by defenses, thus potentially improving Chase's overall production.",none
sport_1.json,5,no,How has Ja'Marr Chase's performance been affected by Higgins' absence?,gpt-3.5,"Ja'Marr Chase's performance has been affected by Higgins' absence as he has been given extra attention from defenses, which has hampered his overall production.",none
sport_1.json,1,yes,"Since the injury was described as a hamstring strain, how does this specific type of injury uniquely affect the performance of players in non-contact sports?",gpt-3.5,"A hamstring strain can significantly impact the performance of players in non-contact sports, such as football, where explosive movements and speed are crucial. This type of injury can limit a player's ability to sprint, accelerate, and change direction quickly, which are essential skills in sports like football. Additionally, a hamstring strain can affect a player's flexibility and overall mobility, making it challenging to perform at their best level. It can also increase the risk of re-injury if the player returns to play before fully recovering.",yes
sport_1.json,2,yes,"Given that the Bengals' offense relies heavily on Higgins' skills as a receiver, how has the team's strategy changed to focus on defensive plays instead?",gpt-3.5,The document does not provide any information on the Bengals' strategy changing to focus on defensive plays instead due to Higgins' absence.,yes
sport_1.json,3,yes,What specific changes has the Bengals' coaching staff implemented in their offensive strategy that reflect their lack of concern about Higgins' absence?,gpt-3.5,"The Bengals' coaching staff has not officially confirmed that Higgins will be active against Washington, but the fact that they have been utilizing Ja'Marr Chase extensively despite Higgins' absence reflects their lack of concern. This shows that the coaching staff has not made significant changes to their offensive strategy due to Higgins' absence, as they have been relying on other offensive weapons, such as Ja'Marr Chase, to compensate for his absence.",yes
sport_1.json,4,yes,"In what ways has the Bengals' offense benefited from Higgins' absence, particularly in the passing game and red-zone opportunities?",gpt-3.5,"The Bengals' offense has benefited from Tee Higgins' absence in the passing game and red-zone opportunities in a few ways:

1. **Increased Attention on Ja'Marr Chase**: With Higgins out, defenses have been able to give extra attention to three-time Pro Bowl wideout Ja'Marr Chase. This has led to Chase being given extra attention from defenses, which has hampered his overall production.

2. **Opportunity for Other Receivers**: Higgins' absence has provided an opportunity for other receivers to step up and contribute in the passing game. With Higgins returning, the Bengals will have more depth and options in their receiving corps, which can help diversify their passing attack.

3. **Red-Zone Efficiency**: While not explicitly mentioned in the document, having a talented receiver like Tee Higgins back in the lineup can improve the Bengals' red-zone efficiency. Higgins' size, hands, and ability to make contested catches can be valuable in the red zone, giving the Bengals a reliable target to score touchdowns in those critical situations.",yes
sport_1.json,5,yes,"What adjustments has the team made to their offensive plays that have resulted in greater success, contrary to the need for compensation due to Higgins' injury?",gpt-3.5,"The team has made adjustments to their offensive plays by giving extra attention to three-time Pro Bowl wideout Ja'Marr Chase, who has been receiving extra attention from defenses due to Higgins' absence. This adjustment has resulted in greater success for the team, despite the need for compensation due to Higgins' injury.",yes
sport_1.json,6,yes,What is the team's new strategy for managing player injuries that has led them to set a timeline for Higgins' return within a few weeks?,gpt-3.5,The team's new strategy for managing player injuries that has led them to set a timeline for Higgins' return within a few weeks is to have the player participate in practice as a limited participant before making his season debut.,none
sport_1.json,7,yes,"How has the Bengals' medical staff's approach to monitoring player recovery changed in light of Higgins' injury, and what are the implications for players who are not injured?",gpt-3.5,"The Bengals' medical staff has been cautious in monitoring player recovery, as indicated by Tee Higgins being listed as a limited participant in practice on Thursday and Friday before his potential season debut. This cautious approach ensures that injured players like Higgins are not rushed back into action before they are fully ready, reducing the risk of re-injury.

The implications for players who are not injured are that they can benefit from the medical staff's approach by having a reduced risk of overexertion and potential injuries. This approach allows players to stay healthy and perform at their best by ensuring that they are not pushed beyond their physical limits.",yes
